id,firstname,lastname,email,profession
100,Deane,Denis,Deane.Denis@yopmail.com,developer
101,Camile,Huggins,Camile.Huggins@yopmail.com,firefighter
102,Joceline,Colp,Joceline.Colp@yopmail.com,worker
103,Xylina,Bandeen,Xylina.Bandeen@yopmail.com,police officer
104,Maridel,Hewitt,Maridel.Hewitt@yopmail.com,police officer
105,Rori,Pettiford,Rori.Pettiford@yopmail.com,police officer
106,Shauna,Nadia,Shauna.Nadia@yopmail.com,worker
107,Wilma,Catie,Wilma.Catie@yopmail.com,developer
108,Taffy,Iphlgenia,Taffy.Iphlgenia@yopmail.com,worker
109,Barbara,Kaja,Barbara.Kaja@yopmail.com,doctor
110,Veda,Ellord,Veda.Ellord@yopmail.com,doctor
111,Nataline,Oneida,Nataline.Oneida@yopmail.com,doctor
112,Maud,Hailee,Maud.Hailee@yopmail.com,developer
113,Leia,Voletta,Leia.Voletta@yopmail.com,doctor
114,Sharai,Marden,Sharai.Marden@yopmail.com,worker
115,Alia,Manolo,Alia.Manolo@yopmail.com,worker
116,Marsiella,Harned,Marsiella.Harned@yopmail.com,worker
117,Abbie,Vary,Abbie.Vary@yopmail.com,developer
118,Teddie,Stelle,Teddie.Stelle@yopmail.com,firefighter
119,Clary,Margarete,Clary.Margarete@yopmail.com,developer
120,Katuscha,Stover,Katuscha.Stover@yopmail.com,worker
121,Karolina,Bertold,Karolina.Bertold@yopmail.com,police officer
122,Yetty,Freddi,Yetty.Freddi@yopmail.com,developer
123,Josephine,Redmond,Josephine.Redmond@yopmail.com,police officer
124,Fidelia,Carlson,Fidelia.Carlson@yopmail.com,firefighter
125,Margalo,Burkle,Margalo.Burkle@yopmail.com,worker
126,Genevra,Neva,Genevra.Neva@yopmail.com,firefighter
127,Diena,Terrence,Diena.Terrence@yopmail.com,firefighter
128,Jennica,Chesna,Jennica.Chesna@yopmail.com,police officer
129,Frank,Felecia,Frank.Felecia@yopmail.com,firefighter
130,Nerta,Haymes,Nerta.Haymes@yopmail.com,developer
131,Anallese,Lunsford,Anallese.Lunsford@yopmail.com,doctor
132,Marsiella,Cassius,Marsiella.Cassius@yopmail.com,police officer
133,Alyssa,Harday,Alyssa.Harday@yopmail.com,worker
134,Marjie,Nelsen,Marjie.Nelsen@yopmail.com,police officer
135,Lisette,Mott,Lisette.Mott@yopmail.com,developer
136,Melanie,Brady,Melanie.Brady@yopmail.com,firefighter
137,Tressa,Nicoline,Tressa.Nicoline@yopmail.com,firefighter
138,Lizzie,Niccolo,Lizzie.Niccolo@yopmail.com,firefighter
139,Modestia,Melan,Modestia.Melan@yopmail.com,doctor
140,Kirbee,Rolf,Kirbee.Rolf@yopmail.com,doctor
141,Jacquetta,Hartnett,Jacquetta.Hartnett@yopmail.com,doctor
142,Georgina,Chauncey,Georgina.Chauncey@yopmail.com,firefighter
143,Inga,Maribeth,Inga.Maribeth@yopmail.com,developer
144,Mariele,Sherrie,Mariele.Sherrie@yopmail.com,firefighter
145,Gerrie,Cecile,Gerrie.Cecile@yopmail.com,worker
146,Allis,Simmonds,Allis.Simmonds@yopmail.com,worker
147,Carilyn,Nedrud,Carilyn.Nedrud@yopmail.com,doctor
148,Bee,Liebermann,Bee.Liebermann@yopmail.com,firefighter
149,Nerta,Ricki,Nerta.Ricki@yopmail.com,doctor
150,Jobi,Hylan,Jobi.Hylan@yopmail.com,police officer
151,Justinn,Cynar,Justinn.Cynar@yopmail.com,worker
152,Paulita,Obed,Paulita.Obed@yopmail.com,developer
153,Kirbee,Blake,Kirbee.Blake@yopmail.com,doctor
154,Halette,Markman,Halette.Markman@yopmail.com,firefighter
155,Caryl,Jary,Caryl.Jary@yopmail.com,firefighter
156,Rhoda,Bertold,Rhoda.Bertold@yopmail.com,doctor
157,Eugine,Rudolph,Eugine.Rudolph@yopmail.com,police officer
158,Hannis,Ciro,Hannis.Ciro@yopmail.com,police officer
159,Perry,Cassius,Perry.Cassius@yopmail.com,worker
160,Corene,Flita,Corene.Flita@yopmail.com,firefighter
161,Janey,Martsen,Janey.Martsen@yopmail.com,firefighter
162,Charlena,Chaing,Charlena.Chaing@yopmail.com,police officer
163,Bee,Center,Bee.Center@yopmail.com,police officer
164,Jeanna,Toni,Jeanna.Toni@yopmail.com,worker
165,Nariko,Gaspard,Nariko.Gaspard@yopmail.com,worker
166,Hannis,Kussell,Hannis.Kussell@yopmail.com,firefighter
167,Robinia,Yoko,Robinia.Yoko@yopmail.com,firefighter
168,Ursulina,Merat,Ursulina.Merat@yopmail.com,police officer
169,Odessa,Peonir,Odessa.Peonir@yopmail.com,doctor
170,Ardeen,Lesley,Ardeen.Lesley@yopmail.com,firefighter
171,Rhea,Odysseus,Rhea.Odysseus@yopmail.com,firefighter
172,Karly,Mullane,Karly.Mullane@yopmail.com,police officer
173,Carol-Jean,Selway,Carol-Jean.Selway@yopmail.com,doctor
174,Sheree,Sabella,Sheree.Sabella@yopmail.com,worker
175,Cristabel,Chrystel,Cristabel.Chrystel@yopmail.com,worker
176,Basia,Rebecka,Basia.Rebecka@yopmail.com,doctor
177,Corina,Ulphia,Corina.Ulphia@yopmail.com,doctor
178,Tobe,Allina,Tobe.Allina@yopmail.com,developer
179,Nananne,Delila,Nananne.Delila@yopmail.com,firefighter
180,Asia,Myrilla,Asia.Myrilla@yopmail.com,doctor
181,Ekaterina,Fleeta,Ekaterina.Fleeta@yopmail.com,worker
182,Rubie,Vivle,Rubie.Vivle@yopmail.com,developer
183,Chrystel,Fitzsimmons,Chrystel.Fitzsimmons@yopmail.com,police officer
184,Ermengarde,Mauer,Ermengarde.Mauer@yopmail.com,police officer
185,Charmaine,Rosette,Charmaine.Rosette@yopmail.com,worker
186,Nariko,Darian,Nariko.Darian@yopmail.com,developer
187,Hermione,Joni,Hermione.Joni@yopmail.com,doctor
188,Gale,Goerke,Gale.Goerke@yopmail.com,worker
189,Hope,Delp,Hope.Delp@yopmail.com,police officer
190,Mellicent,Levey,Mellicent.Levey@yopmail.com,firefighter
191,Jenda,Gibbeon,Jenda.Gibbeon@yopmail.com,developer
192,Dagmar,Moseley,Dagmar.Moseley@yopmail.com,developer
193,Alejandra,Mathilde,Alejandra.Mathilde@yopmail.com,worker
194,Miquela,Elisha,Miquela.Elisha@yopmail.com,worker
195,Paule,Jethro,Paule.Jethro@yopmail.com,doctor
196,Norine,Robertson,Norine.Robertson@yopmail.com,worker
197,Jacquetta,Gamaliel,Jacquetta.Gamaliel@yopmail.com,doctor
198,Raina,Rozanna,Raina.Rozanna@yopmail.com,doctor
199,Sophia,Vary,Sophia.Vary@yopmail.com,firefighter
200,Tani,Mike,Tani.Mike@yopmail.com,doctor
201,Kylynn,Roxanna,Kylynn.Roxanna@yopmail.com,police officer
202,Kayla,Cherianne,Kayla.Cherianne@yopmail.com,police officer
203,Dede,Olnee,Dede.Olnee@yopmail.com,police officer
204,Lauryn,Thomasina,Lauryn.Thomasina@yopmail.com,doctor
205,Olwen,Adlare,Olwen.Adlare@yopmail.com,police officer
206,Jacenta,Bigner,Jacenta.Bigner@yopmail.com,firefighter
207,Drucie,Artie,Drucie.Artie@yopmail.com,worker
208,Mathilda,Wattenberg,Mathilda.Wattenberg@yopmail.com,doctor
209,Minda,Old,Minda.Old@yopmail.com,police officer
210,Tressa,Dulciana,Tressa.Dulciana@yopmail.com,firefighter
211,Vinita,Romelda,Vinita.Romelda@yopmail.com,doctor
212,Sue,Vorster,Sue.Vorster@yopmail.com,doctor
213,Korrie,Kiyoshi,Korrie.Kiyoshi@yopmail.com,firefighter
214,Jolyn,Trinetta,Jolyn.Trinetta@yopmail.com,worker
215,Max,Brittani,Max.Brittani@yopmail.com,firefighter
216,Ricky,Jehu,Ricky.Jehu@yopmail.com,police officer
217,Maye,Kristi,Maye.Kristi@yopmail.com,developer
218,Isa,Bethany,Isa.Bethany@yopmail.com,developer
219,Britte,Tengdin,Britte.Tengdin@yopmail.com,developer
220,Dorthy,Parsaye,Dorthy.Parsaye@yopmail.com,doctor
221,Adriana,Harriman,Adriana.Harriman@yopmail.com,developer
222,Merry,Merriott,Merry.Merriott@yopmail.com,police officer
223,Charmaine,Kiyoshi,Charmaine.Kiyoshi@yopmail.com,doctor
224,Mignon,Sancho,Mignon.Sancho@yopmail.com,police officer
225,Abbie,Pacorro,Abbie.Pacorro@yopmail.com,developer
226,Sheelagh,Tyson,Sheelagh.Tyson@yopmail.com,firefighter
227,Chloris,Vary,Chloris.Vary@yopmail.com,worker
228,Nita,Allare,Nita.Allare@yopmail.com,worker
229,Aili,Larochelle,Aili.Larochelle@yopmail.com,worker
230,Catharine,Gilbertson,Catharine.Gilbertson@yopmail.com,doctor
231,Cyndie,Gaal,Cyndie.Gaal@yopmail.com,developer
232,Elfreda,Kare,Elfreda.Kare@yopmail.com,firefighter
233,Antonietta,Niccolo,Antonietta.Niccolo@yopmail.com,developer
234,Melisent,Couture,Melisent.Couture@yopmail.com,worker
235,Chickie,Swanhildas,Chickie.Swanhildas@yopmail.com,doctor
236,Jasmina,Vins,Jasmina.Vins@yopmail.com,firefighter
237,Rubie,Rillings,Rubie.Rillings@yopmail.com,worker
238,Melanie,Bearnard,Melanie.Bearnard@yopmail.com,firefighter
239,Nicoli,Bendick,Nicoli.Bendick@yopmail.com,firefighter
240,Lonnie,Wesle,Lonnie.Wesle@yopmail.com,developer
241,Karolina,Oneida,Karolina.Oneida@yopmail.com,firefighter
242,Jacquetta,Lauraine,Jacquetta.Lauraine@yopmail.com,doctor
243,Orsola,Buffum,Orsola.Buffum@yopmail.com,developer
244,Marsiella,Arquit,Marsiella.Arquit@yopmail.com,developer
245,Therine,Vernier,Therine.Vernier@yopmail.com,police officer
246,Agnese,Willie,Agnese.Willie@yopmail.com,firefighter
247,Jasmina,Trey,Jasmina.Trey@yopmail.com,firefighter
248,Queenie,Dex,Queenie.Dex@yopmail.com,worker
249,Brynna,Berne,Brynna.Berne@yopmail.com,doctor
250,Mariele,Drus,Mariele.Drus@yopmail.com,worker
251,Lexine,Jalbert,Lexine.Jalbert@yopmail.com,worker
252,Melodie,Meter,Melodie.Meter@yopmail.com,police officer
253,Gaylene,Stav,Gaylene.Stav@yopmail.com,developer
254,Agnese,Poppy,Agnese.Poppy@yopmail.com,worker
255,Ebonee,Mozelle,Ebonee.Mozelle@yopmail.com,doctor
256,Wanda,Gaynor,Wanda.Gaynor@yopmail.com,developer
257,Jorry,Douglass,Jorry.Douglass@yopmail.com,doctor
258,Kayla,Craggie,Kayla.Craggie@yopmail.com,developer
259,Etta,Stephie,Etta.Stephie@yopmail.com,worker
260,Alleen,Bibi,Alleen.Bibi@yopmail.com,developer
261,Vanessa,Middleton,Vanessa.Middleton@yopmail.com,firefighter
262,Lita,Calhoun,Lita.Calhoun@yopmail.com,firefighter
263,Nollie,Sisile,Nollie.Sisile@yopmail.com,police officer
264,Olwen,Morehouse,Olwen.Morehouse@yopmail.com,developer
265,Tonia,Monaco,Tonia.Monaco@yopmail.com,developer
266,Eadie,Hamil,Eadie.Hamil@yopmail.com,police officer
267,Celisse,Burkle,Celisse.Burkle@yopmail.com,developer
268,Adore,Ackerley,Adore.Ackerley@yopmail.com,firefighter
269,Lynde,Brandice,Lynde.Brandice@yopmail.com,developer
270,Stevana,Norrie,Stevana.Norrie@yopmail.com,firefighter
271,Mady,Adalbert,Mady.Adalbert@yopmail.com,worker
272,Elena,Claudine,Elena.Claudine@yopmail.com,worker
273,Fina,Longfellow,Fina.Longfellow@yopmail.com,firefighter
274,Felice,Darian,Felice.Darian@yopmail.com,developer
275,Tori,Richers,Tori.Richers@yopmail.com,police officer
276,Alyssa,Lanita,Alyssa.Lanita@yopmail.com,firefighter
277,Kenna,Abernon,Kenna.Abernon@yopmail.com,developer
278,Evita,Richers,Evita.Richers@yopmail.com,developer
279,Alyda,Jefferey,Alyda.Jefferey@yopmail.com,doctor
280,Doro,Sibyls,Doro.Sibyls@yopmail.com,firefighter
281,Ilse,Jehu,Ilse.Jehu@yopmail.com,worker
282,Joane,Thema,Joane.Thema@yopmail.com,worker
283,Robbi,My,Robbi.My@yopmail.com,doctor
284,Frieda,Naashom,Frieda.Naashom@yopmail.com,doctor
285,Roxane,Carmena,Roxane.Carmena@yopmail.com,police officer
286,Lilith,Howlyn,Lilith.Howlyn@yopmail.com,police officer
287,Phylis,Gualtiero,Phylis.Gualtiero@yopmail.com,police officer
288,Mariann,Lasley,Mariann.Lasley@yopmail.com,police officer
289,Kimberley,Bates,Kimberley.Bates@yopmail.com,police officer
290,Mureil,Valoniah,Mureil.Valoniah@yopmail.com,police officer
291,Jackie,Silvan,Jackie.Silvan@yopmail.com,police officer
292,Tabbatha,Quinn,Tabbatha.Quinn@yopmail.com,police officer
293,Deane,Kimmie,Deane.Kimmie@yopmail.com,police officer
294,Quintina,Evvie,Quintina.Evvie@yopmail.com,police officer
295,Karolina,Japeth,Karolina.Japeth@yopmail.com,police officer
296,Feliza,Naor,Feliza.Naor@yopmail.com,firefighter
297,Fayre,Dex,Fayre.Dex@yopmail.com,firefighter
298,Carolina,Azeria,Carolina.Azeria@yopmail.com,police officer
299,Joeann,Means,Joeann.Means@yopmail.com,worker
300,Annora,Franza,Annora.Franza@yopmail.com,developer
301,Harrietta,Randene,Harrietta.Randene@yopmail.com,doctor
302,Cassandra,Delacourt,Cassandra.Delacourt@yopmail.com,firefighter
303,Doro,Waldron,Doro.Waldron@yopmail.com,developer
304,Leanna,Halla,Leanna.Halla@yopmail.com,police officer
305,Madeleine,Lytton,Madeleine.Lytton@yopmail.com,developer
306,Alisha,Vivle,Alisha.Vivle@yopmail.com,developer
307,Desirae,Leifeste,Desirae.Leifeste@yopmail.com,police officer
308,Merrie,Astra,Merrie.Astra@yopmail.com,worker
309,Caressa,Prober,Caressa.Prober@yopmail.com,developer
310,Lita,Stacy,Lita.Stacy@yopmail.com,doctor
311,Jackie,Hourigan,Jackie.Hourigan@yopmail.com,firefighter
312,Ulrike,Cressida,Ulrike.Cressida@yopmail.com,developer
313,Alleen,Janene,Alleen.Janene@yopmail.com,firefighter
314,Nannie,Anselmi,Nannie.Anselmi@yopmail.com,firefighter
315,Elsie,Shanley,Elsie.Shanley@yopmail.com,worker
316,Orelia,Elisha,Orelia.Elisha@yopmail.com,doctor
317,Adriana,Ellerey,Adriana.Ellerey@yopmail.com,doctor
318,Willetta,Campball,Willetta.Campball@yopmail.com,worker
319,Rosanne,Elo,Rosanne.Elo@yopmail.com,firefighter
320,Alex,Faro,Alex.Faro@yopmail.com,police officer
321,Lexine,Nea,Lexine.Nea@yopmail.com,developer
322,Daryl,Oscar,Daryl.Oscar@yopmail.com,firefighter
323,Allis,Nikaniki,Allis.Nikaniki@yopmail.com,police officer
324,Mara,Atonsah,Mara.Atonsah@yopmail.com,doctor
325,Lily,Mata,Lily.Mata@yopmail.com,doctor
326,Modestia,Gilbertson,Modestia.Gilbertson@yopmail.com,doctor
327,Susan,Delp,Susan.Delp@yopmail.com,firefighter
328,Janey,Dearborn,Janey.Dearborn@yopmail.com,worker
329,Lorne,Lattie,Lorne.Lattie@yopmail.com,firefighter
330,Merry,Kylander,Merry.Kylander@yopmail.com,doctor
331,Estell,Aaberg,Estell.Aaberg@yopmail.com,police officer
332,Oralee,Sacken,Oralee.Sacken@yopmail.com,developer
333,Caryl,Smitt,Caryl.Smitt@yopmail.com,developer
334,Karina,Lowry,Karina.Lowry@yopmail.com,worker
335,Deane,Sammons,Deane.Sammons@yopmail.com,firefighter
336,Ayn,Kalinda,Ayn.Kalinda@yopmail.com,firefighter
337,Ezmeralda,Standing,Ezmeralda.Standing@yopmail.com,worker
338,Dominga,Baptlsta,Dominga.Baptlsta@yopmail.com,worker
339,Dulcinea,Primalia,Dulcinea.Primalia@yopmail.com,doctor
340,Constance,Seessel,Constance.Seessel@yopmail.com,doctor
341,Peri,Fitzsimmons,Peri.Fitzsimmons@yopmail.com,firefighter
342,Christian,Torray,Christian.Torray@yopmail.com,doctor
343,Barbi,Redmond,Barbi.Redmond@yopmail.com,doctor
344,Mireielle,Nedrud,Mireielle.Nedrud@yopmail.com,developer
345,Jean,Allina,Jean.Allina@yopmail.com,worker
346,Karina,Ellerey,Karina.Ellerey@yopmail.com,developer
347,Harrietta,Dorcy,Harrietta.Dorcy@yopmail.com,developer
348,Dale,Chabot,Dale.Chabot@yopmail.com,worker
349,Celene,Xerxes,Celene.Xerxes@yopmail.com,firefighter
350,Ricky,Meli,Ricky.Meli@yopmail.com,firefighter
351,Jemie,Beebe,Jemie.Beebe@yopmail.com,worker
352,Tina,Rurik,Tina.Rurik@yopmail.com,firefighter
353,Althea,Rad,Althea.Rad@yopmail.com,developer
354,Nikki,Westphal,Nikki.Westphal@yopmail.com,firefighter
355,Eolanda,Fredi,Eolanda.Fredi@yopmail.com,police officer
356,Gabi,Johanna,Gabi.Johanna@yopmail.com,developer
357,Viki,Etom,Viki.Etom@yopmail.com,police officer
358,Lila,Penelopa,Lila.Penelopa@yopmail.com,developer
359,Tersina,Niccolo,Tersina.Niccolo@yopmail.com,doctor
360,Vere,Ochs,Vere.Ochs@yopmail.com,doctor
361,Doralynne,Hollingsworth,Doralynne.Hollingsworth@yopmail.com,developer
362,Sallie,Gavrila,Sallie.Gavrila@yopmail.com,doctor
363,Elora,Pacorro,Elora.Pacorro@yopmail.com,worker
364,Lilith,Himelman,Lilith.Himelman@yopmail.com,developer
365,Ada,Eiser,Ada.Eiser@yopmail.com,developer
366,Philis,Noam,Philis.Noam@yopmail.com,developer
367,Dyann,Kelula,Dyann.Kelula@yopmail.com,police officer
368,Anestassia,Faria,Anestassia.Faria@yopmail.com,developer
369,Thalia,Tomasina,Thalia.Tomasina@yopmail.com,doctor
370,Raf,Valoniah,Raf.Valoniah@yopmail.com,developer
371,Bertine,Anastatius,Bertine.Anastatius@yopmail.com,developer
372,Veda,Georas,Veda.Georas@yopmail.com,worker
373,Elka,Rosalba,Elka.Rosalba@yopmail.com,police officer
374,Calla,Fairweather,Calla.Fairweather@yopmail.com,developer
375,Georgetta,Fry,Georgetta.Fry@yopmail.com,developer
376,Isa,Cordi,Isa.Cordi@yopmail.com,police officer
377,Sarette,Barrus,Sarette.Barrus@yopmail.com,developer
378,Carmela,Toni,Carmela.Toni@yopmail.com,doctor
379,Noelle,Dalli,Noelle.Dalli@yopmail.com,developer
380,Maurene,Goerke,Maurene.Goerke@yopmail.com,police officer
381,Raquela,Bethany,Raquela.Bethany@yopmail.com,police officer
382,Melodie,Lorenz,Melodie.Lorenz@yopmail.com,firefighter
383,Merci,Wind,Merci.Wind@yopmail.com,developer
384,Heida,Kirbee,Heida.Kirbee@yopmail.com,doctor
385,Marsiella,Tayib,Marsiella.Tayib@yopmail.com,developer
386,Dagmar,Claudine,Dagmar.Claudine@yopmail.com,firefighter
387,Leia,Alisia,Leia.Alisia@yopmail.com,firefighter
388,Adore,Ackerley,Adore.Ackerley@yopmail.com,worker
389,Shauna,Sallyann,Shauna.Sallyann@yopmail.com,doctor
390,Louella,Curren,Louella.Curren@yopmail.com,developer
391,Charmaine,Heisel,Charmaine.Heisel@yopmail.com,developer
392,Marjie,Chabot,Marjie.Chabot@yopmail.com,doctor
393,Doralynne,Elsinore,Doralynne.Elsinore@yopmail.com,police officer
394,Ulrike,Oster,Ulrike.Oster@yopmail.com,police officer
395,Blinni,Dreda,Blinni.Dreda@yopmail.com,doctor
396,Selma,Modie,Selma.Modie@yopmail.com,worker
397,Dolli,McCutcheon,Dolli.McCutcheon@yopmail.com,developer
398,Danny,Teddman,Danny.Teddman@yopmail.com,developer
399,Blondelle,Sheedy,Blondelle.Sheedy@yopmail.com,doctor
400,Bibby,Bobbee,Bibby.Bobbee@yopmail.com,worker
401,Justinn,Celestine,Justinn.Celestine@yopmail.com,firefighter
402,Cyb,Malina,Cyb.Malina@yopmail.com,police officer
403,Ericka,Christal,Ericka.Christal@yopmail.com,police officer
404,Nessie,Chabot,Nessie.Chabot@yopmail.com,doctor
405,Leona,Liva,Leona.Liva@yopmail.com,doctor
406,Ayn,Gregrory,Ayn.Gregrory@yopmail.com,developer
407,Stevana,Goode,Stevana.Goode@yopmail.com,police officer
408,Henriette,Paton,Henriette.Paton@yopmail.com,police officer
409,Rochette,Obed,Rochette.Obed@yopmail.com,police officer
410,Marleah,Ferrell,Marleah.Ferrell@yopmail.com,firefighter
411,Basia,Kesley,Basia.Kesley@yopmail.com,developer
412,Blondelle,Amasa,Blondelle.Amasa@yopmail.com,worker
413,Devina,Chesna,Devina.Chesna@yopmail.com,firefighter
414,Bernie,Pettiford,Bernie.Pettiford@yopmail.com,police officer
415,Consuela,Roumell,Consuela.Roumell@yopmail.com,firefighter
416,Ada,Wenda,Ada.Wenda@yopmail.com,police officer
417,Adore,Stefa,Adore.Stefa@yopmail.com,police officer
418,Lexine,Bronk,Lexine.Bronk@yopmail.com,firefighter
419,Camile,Tristram,Camile.Tristram@yopmail.com,police officer
420,Philis,Munn,Philis.Munn@yopmail.com,developer
421,Edee,Felizio,Edee.Felizio@yopmail.com,worker
422,Pollyanna,Hutchison,Pollyanna.Hutchison@yopmail.com,firefighter
423,Caressa,Longfellow,Caressa.Longfellow@yopmail.com,worker
424,Angelique,Salvidor,Angelique.Salvidor@yopmail.com,developer
425,Fayre,Adamsen,Fayre.Adamsen@yopmail.com,doctor
426,Libbie,Alejoa,Libbie.Alejoa@yopmail.com,developer
427,Kaja,Schlosser,Kaja.Schlosser@yopmail.com,firefighter
428,Kristina,Boehike,Kristina.Boehike@yopmail.com,developer
429,Ardys,Garlinda,Ardys.Garlinda@yopmail.com,worker
430,Jenilee,Daegal,Jenilee.Daegal@yopmail.com,worker
431,Rhea,Maryanne,Rhea.Maryanne@yopmail.com,firefighter
432,Raquela,Edee,Raquela.Edee@yopmail.com,police officer
433,Shandie,Si,Shandie.Si@yopmail.com,developer
434,Dulce,Cloris,Dulce.Cloris@yopmail.com,police officer
435,Dacia,Tryck,Dacia.Tryck@yopmail.com,worker
436,Lorne,Wolfgram,Lorne.Wolfgram@yopmail.com,police officer
437,Quintina,Cloris,Quintina.Cloris@yopmail.com,developer
438,Hope,Schenck,Hope.Schenck@yopmail.com,firefighter
439,Melina,Alice,Melina.Alice@yopmail.com,developer
440,Tamqrah,Taam,Tamqrah.Taam@yopmail.com,worker
441,Marinna,Jarib,Marinna.Jarib@yopmail.com,worker
442,Netty,Brady,Netty.Brady@yopmail.com,firefighter
443,Wileen,Cassius,Wileen.Cassius@yopmail.com,doctor
444,Modestia,Izaak,Modestia.Izaak@yopmail.com,worker
445,Roseline,Even,Roseline.Even@yopmail.com,doctor
446,Daune,Haymes,Daune.Haymes@yopmail.com,firefighter
447,Kelly,Roarke,Kelly.Roarke@yopmail.com,police officer
448,Rhoda,Dex,Rhoda.Dex@yopmail.com,worker
449,Annice,Holbrook,Annice.Holbrook@yopmail.com,firefighter
450,Christal,Henebry,Christal.Henebry@yopmail.com,doctor
451,Edith,Faria,Edith.Faria@yopmail.com,police officer
452,Joceline,Doig,Joceline.Doig@yopmail.com,firefighter
453,Collen,Ramona,Collen.Ramona@yopmail.com,firefighter
454,Teriann,Nicoline,Teriann.Nicoline@yopmail.com,police officer
455,Korrie,Jagir,Korrie.Jagir@yopmail.com,firefighter
456,Kaja,Berl,Kaja.Berl@yopmail.com,firefighter
457,Yolane,Sigfrid,Yolane.Sigfrid@yopmail.com,worker
458,Misha,Carri,Misha.Carri@yopmail.com,firefighter
459,Patricia,Avi,Patricia.Avi@yopmail.com,firefighter
460,Katleen,Colp,Katleen.Colp@yopmail.com,firefighter
461,Cherilyn,Orpah,Cherilyn.Orpah@yopmail.com,police officer
462,Gilligan,Bartlett,Gilligan.Bartlett@yopmail.com,worker
463,Emelina,Ethban,Emelina.Ethban@yopmail.com,firefighter
464,Celisse,Sundin,Celisse.Sundin@yopmail.com,developer
465,Mary,Therine,Mary.Therine@yopmail.com,firefighter
466,Dorene,Zitvaa,Dorene.Zitvaa@yopmail.com,doctor
467,Karina,Oscar,Karina.Oscar@yopmail.com,developer
468,Feliza,Weide,Feliza.Weide@yopmail.com,worker
469,Dotty,Capello,Dotty.Capello@yopmail.com,doctor
470,Kimberley,Lasley,Kimberley.Lasley@yopmail.com,developer
471,Grier,Cavan,Grier.Cavan@yopmail.com,worker
472,Merci,Desai,Merci.Desai@yopmail.com,developer
473,Theodora,Letsou,Theodora.Letsou@yopmail.com,worker
474,Ethel,Hoban,Ethel.Hoban@yopmail.com,police officer
475,Jessamyn,Carey,Jessamyn.Carey@yopmail.com,developer
476,Gabriellia,Ivens,Gabriellia.Ivens@yopmail.com,doctor
477,Rosaline,Artie,Rosaline.Artie@yopmail.com,developer
478,Viviene,MacIntosh,Viviene.MacIntosh@yopmail.com,police officer
479,Celestyna,Hamil,Celestyna.Hamil@yopmail.com,police officer
480,Shannah,Mayeda,Shannah.Mayeda@yopmail.com,police officer
481,Janeczka,Faso,Janeczka.Faso@yopmail.com,developer
482,Karina,Pulsifer,Karina.Pulsifer@yopmail.com,police officer
483,Tilly,Oscar,Tilly.Oscar@yopmail.com,doctor
484,Adelle,Berriman,Adelle.Berriman@yopmail.com,developer
485,Ericka,Chrystel,Ericka.Chrystel@yopmail.com,doctor
486,Shel,Seagraves,Shel.Seagraves@yopmail.com,police officer
487,Tami,Niles,Tami.Niles@yopmail.com,developer
488,Celisse,Fitzsimmons,Celisse.Fitzsimmons@yopmail.com,police officer
489,Jsandye,Guildroy,Jsandye.Guildroy@yopmail.com,firefighter
490,Shaine,Andrel,Shaine.Andrel@yopmail.com,worker
491,Sheelagh,Goerke,Sheelagh.Goerke@yopmail.com,doctor
492,Bee,Guildroy,Bee.Guildroy@yopmail.com,firefighter
493,Clo,Bord,Clo.Bord@yopmail.com,firefighter
494,Anica,Boycey,Anica.Boycey@yopmail.com,firefighter
495,Charlena,Elsinore,Charlena.Elsinore@yopmail.com,doctor
496,Nonnah,Richers,Nonnah.Richers@yopmail.com,doctor
497,Karolina,Stoller,Karolina.Stoller@yopmail.com,worker
498,Kathy,Carleen,Kathy.Carleen@yopmail.com,police officer
499,Sibella,Alwin,Sibella.Alwin@yopmail.com,worker
500,Elbertina,Bonucci,Elbertina.Bonucci@yopmail.com,doctor
501,Jessamyn,Gerge,Jessamyn.Gerge@yopmail.com,developer
502,Jan,Jaylene,Jan.Jaylene@yopmail.com,police officer
503,Korrie,Miru,Korrie.Miru@yopmail.com,developer
504,Ariela,Judye,Ariela.Judye@yopmail.com,police officer
505,Corene,Tufts,Corene.Tufts@yopmail.com,worker
506,Joy,Jacinda,Joy.Jacinda@yopmail.com,doctor
507,Elena,Bashemeth,Elena.Bashemeth@yopmail.com,doctor
508,Deane,Zrike,Deane.Zrike@yopmail.com,developer
509,Tersina,Drus,Tersina.Drus@yopmail.com,developer
510,Deirdre,Myrilla,Deirdre.Myrilla@yopmail.com,developer
511,Rebeca,Luhe,Rebeca.Luhe@yopmail.com,firefighter
512,Romona,Nelsen,Romona.Nelsen@yopmail.com,police officer
513,Katharina,Halsey,Katharina.Halsey@yopmail.com,firefighter
514,Jacquetta,Percy,Jacquetta.Percy@yopmail.com,doctor
515,Sara-Ann,Ezar,Sara-Ann.Ezar@yopmail.com,doctor
516,Trudie,Niles,Trudie.Niles@yopmail.com,doctor
517,Brooks,Whittaker,Brooks.Whittaker@yopmail.com,developer
518,Carree,Lindemann,Carree.Lindemann@yopmail.com,developer
519,Sherrie,Armanda,Sherrie.Armanda@yopmail.com,police officer
520,Damaris,Brackely,Damaris.Brackely@yopmail.com,developer
521,Lelah,Delacourt,Lelah.Delacourt@yopmail.com,firefighter
522,Teddie,Sisile,Teddie.Sisile@yopmail.com,worker
523,Arabel,Marsden,Arabel.Marsden@yopmail.com,doctor
524,Carree,Herrera,Carree.Herrera@yopmail.com,worker
525,Sonni,Aurelio,Sonni.Aurelio@yopmail.com,worker
526,Sashenka,Pelagias,Sashenka.Pelagias@yopmail.com,police officer
527,Pearline,Roarke,Pearline.Roarke@yopmail.com,worker
528,Lacie,Joeann,Lacie.Joeann@yopmail.com,doctor
529,Kerrin,Hull,Kerrin.Hull@yopmail.com,firefighter
530,Rosanne,Barbey,Rosanne.Barbey@yopmail.com,developer
531,Winny,Paine,Winny.Paine@yopmail.com,worker
532,Alyssa,Trace,Alyssa.Trace@yopmail.com,worker
533,Belinda,Levey,Belinda.Levey@yopmail.com,firefighter
534,Brana,Afton,Brana.Afton@yopmail.com,developer
535,Dode,Catie,Dode.Catie@yopmail.com,developer
536,Minda,Agle,Minda.Agle@yopmail.com,police officer
537,Gusella,Iphlgenia,Gusella.Iphlgenia@yopmail.com,developer
538,Tilly,Lacombe,Tilly.Lacombe@yopmail.com,police officer
539,Lorne,Muriel,Lorne.Muriel@yopmail.com,firefighter
540,Sam,Codding,Sam.Codding@yopmail.com,firefighter
541,Arlena,Land,Arlena.Land@yopmail.com,doctor
542,Cyb,Macey,Cyb.Macey@yopmail.com,firefighter
543,Kathy,Kesley,Kathy.Kesley@yopmail.com,worker
544,Nelle,Sancho,Nelle.Sancho@yopmail.com,doctor
545,Dacia,Constancy,Dacia.Constancy@yopmail.com,worker
546,Lita,Cottle,Lita.Cottle@yopmail.com,doctor
547,Emelina,Bord,Emelina.Bord@yopmail.com,doctor
548,Yolane,Pozzy,Yolane.Pozzy@yopmail.com,firefighter
549,Taffy,Vacuva,Taffy.Vacuva@yopmail.com,police officer
550,Lorie,Urania,Lorie.Urania@yopmail.com,firefighter
551,Sadie,Alarise,Sadie.Alarise@yopmail.com,police officer
552,Jany,Garrison,Jany.Garrison@yopmail.com,doctor
553,Margalo,Yorick,Margalo.Yorick@yopmail.com,developer
554,Damaris,Fillbert,Damaris.Fillbert@yopmail.com,developer
555,Sophia,Brodench,Sophia.Brodench@yopmail.com,developer
556,Lesly,Lissi,Lesly.Lissi@yopmail.com,developer
557,Anallese,Montgomery,Anallese.Montgomery@yopmail.com,doctor
558,Clo,Jillane,Clo.Jillane@yopmail.com,worker
559,Ariela,Margret,Ariela.Margret@yopmail.com,doctor
560,Janeczka,Goddard,Janeczka.Goddard@yopmail.com,doctor
561,Letizia,Abbot,Letizia.Abbot@yopmail.com,doctor
562,Arabel,Germann,Arabel.Germann@yopmail.com,worker
563,Phylis,Zitvaa,Phylis.Zitvaa@yopmail.com,doctor
564,Elfreda,Xerxes,Elfreda.Xerxes@yopmail.com,worker
565,Britte,Weitman,Britte.Weitman@yopmail.com,worker
566,Yolane,Pacorro,Yolane.Pacorro@yopmail.com,police officer
567,Leontine,Swanhildas,Leontine.Swanhildas@yopmail.com,worker
568,Lory,Neils,Lory.Neils@yopmail.com,doctor
569,Dorice,Talia,Dorice.Talia@yopmail.com,worker
570,Danika,Bord,Danika.Bord@yopmail.com,police officer
571,Emilia,Gaspard,Emilia.Gaspard@yopmail.com,police officer
572,Jolyn,Hillel,Jolyn.Hillel@yopmail.com,police officer
573,Rosabelle,Cynar,Rosabelle.Cynar@yopmail.com,police officer
574,Latisha,Judye,Latisha.Judye@yopmail.com,police officer
575,Ernesta,Lemuela,Ernesta.Lemuela@yopmail.com,developer
576,Corry,Dimitris,Corry.Dimitris@yopmail.com,developer
577,Elmira,Kunin,Elmira.Kunin@yopmail.com,doctor
578,Nikki,Brotherson,Nikki.Brotherson@yopmail.com,worker
579,Zondra,Jacinda,Zondra.Jacinda@yopmail.com,firefighter
580,Kristan,Elsinore,Kristan.Elsinore@yopmail.com,worker
581,Ulrike,Rurik,Ulrike.Rurik@yopmail.com,police officer
582,Imojean,Schwejda,Imojean.Schwejda@yopmail.com,worker
583,Pamella,Newell,Pamella.Newell@yopmail.com,worker
584,Celene,Hunfredo,Celene.Hunfredo@yopmail.com,doctor
585,Atlanta,Haymes,Atlanta.Haymes@yopmail.com,developer
586,Cacilie,Raul,Cacilie.Raul@yopmail.com,doctor
587,Babita,Newell,Babita.Newell@yopmail.com,police officer
588,Rosaline,Naor,Rosaline.Naor@yopmail.com,doctor
589,Tomasina,Lay,Tomasina.Lay@yopmail.com,police officer
590,Maryellen,Rheingold,Maryellen.Rheingold@yopmail.com,worker
591,Meriel,Abernon,Meriel.Abernon@yopmail.com,police officer
592,Dale,Katrine,Dale.Katrine@yopmail.com,worker
593,Livvyy,Tiffa,Livvyy.Tiffa@yopmail.com,police officer
594,Helsa,Drus,Helsa.Drus@yopmail.com,police officer
595,Margarette,Jagir,Margarette.Jagir@yopmail.com,firefighter
596,Teriann,Borrell,Teriann.Borrell@yopmail.com,police officer
597,Fredericka,Edvard,Fredericka.Edvard@yopmail.com,police officer
598,Celene,Amadas,Celene.Amadas@yopmail.com,developer
599,Aubrie,Sawtelle,Aubrie.Sawtelle@yopmail.com,police officer
600,Felice,Stevy,Felice.Stevy@yopmail.com,doctor
601,Di,Duwalt,Di.Duwalt@yopmail.com,police officer
602,Fina,Elo,Fina.Elo@yopmail.com,firefighter
603,Ashlee,Rosemary,Ashlee.Rosemary@yopmail.com,doctor
604,Kara-Lynn,Havens,Kara-Lynn.Havens@yopmail.com,police officer
605,Mariann,Aaberg,Mariann.Aaberg@yopmail.com,police officer
606,Esmeralda,Stelle,Esmeralda.Stelle@yopmail.com,police officer
607,Zondra,Edee,Zondra.Edee@yopmail.com,doctor
608,Betta,Jehu,Betta.Jehu@yopmail.com,doctor
609,Nessie,Thar,Nessie.Thar@yopmail.com,developer
610,Emylee,Fabiola,Emylee.Fabiola@yopmail.com,police officer
611,Beatriz,Paton,Beatriz.Paton@yopmail.com,doctor
612,Laurene,Cavan,Laurene.Cavan@yopmail.com,worker
613,Ardys,Peti,Ardys.Peti@yopmail.com,firefighter
614,Ermengarde,Dermott,Ermengarde.Dermott@yopmail.com,police officer
615,Codie,Annabella,Codie.Annabella@yopmail.com,police officer
616,Jackie,Fancie,Jackie.Fancie@yopmail.com,firefighter
617,Monika,Swigart,Monika.Swigart@yopmail.com,doctor
618,Donnie,Halla,Donnie.Halla@yopmail.com,doctor
619,Beatriz,Medrek,Beatriz.Medrek@yopmail.com,developer
620,Ardys,Ilka,Ardys.Ilka@yopmail.com,firefighter
621,Noelle,Ariella,Noelle.Ariella@yopmail.com,doctor
622,Emelina,Fillbert,Emelina.Fillbert@yopmail.com,police officer
623,Babita,Fosque,Babita.Fosque@yopmail.com,worker
624,Suzette,Laverne,Suzette.Laverne@yopmail.com,police officer
625,Fanchon,Neva,Fanchon.Neva@yopmail.com,doctor
626,Trixi,Lemuela,Trixi.Lemuela@yopmail.com,worker
627,Meghann,Sharl,Meghann.Sharl@yopmail.com,firefighter
628,Jillayne,Burkle,Jillayne.Burkle@yopmail.com,developer
629,Lauryn,Roscoe,Lauryn.Roscoe@yopmail.com,police officer
630,Charlena,Naashom,Charlena.Naashom@yopmail.com,firefighter
631,Correy,Boycey,Correy.Boycey@yopmail.com,developer
632,Rochette,Hillel,Rochette.Hillel@yopmail.com,police officer
633,Grier,Bergman,Grier.Bergman@yopmail.com,doctor
634,Vevay,Percy,Vevay.Percy@yopmail.com,developer
635,Elsie,Konyn,Elsie.Konyn@yopmail.com,developer
636,Sissy,Hourigan,Sissy.Hourigan@yopmail.com,police officer
637,Tera,Maroney,Tera.Maroney@yopmail.com,firefighter
638,Abbie,Abernon,Abbie.Abernon@yopmail.com,doctor
639,Corina,Love,Corina.Love@yopmail.com,worker
640,Jasmina,Burch,Jasmina.Burch@yopmail.com,worker
641,Gerrie,Morgun,Gerrie.Morgun@yopmail.com,doctor
642,Eugine,Gamaliel,Eugine.Gamaliel@yopmail.com,doctor
643,Paule,Blisse,Paule.Blisse@yopmail.com,worker
644,Betta,Clywd,Betta.Clywd@yopmail.com,developer
645,Kristina,Fabiola,Kristina.Fabiola@yopmail.com,firefighter
646,Rubie,Paton,Rubie.Paton@yopmail.com,doctor
647,Nariko,Margret,Nariko.Margret@yopmail.com,firefighter
648,Marline,Othilia,Marline.Othilia@yopmail.com,worker
649,Elsie,Bearnard,Elsie.Bearnard@yopmail.com,doctor
650,Roxane,Jerald,Roxane.Jerald@yopmail.com,worker
651,Britni,Percy,Britni.Percy@yopmail.com,developer
652,Konstance,Land,Konstance.Land@yopmail.com,worker
653,Janenna,Vharat,Janenna.Vharat@yopmail.com,worker
654,Alia,Anestassia,Alia.Anestassia@yopmail.com,worker
655,Nannie,Gert,Nannie.Gert@yopmail.com,developer
656,Ardeen,O'Neill,Ardeen.O'Neill@yopmail.com,police officer
657,Fina,Fitzsimmons,Fina.Fitzsimmons@yopmail.com,developer
658,Corina,Swanhildas,Corina.Swanhildas@yopmail.com,worker
659,Bettine,Phi,Bettine.Phi@yopmail.com,police officer
660,Dotty,Ledah,Dotty.Ledah@yopmail.com,doctor
661,Cathyleen,Lissi,Cathyleen.Lissi@yopmail.com,police officer
662,Vanessa,Zamora,Vanessa.Zamora@yopmail.com,police officer
663,Sharai,Abram,Sharai.Abram@yopmail.com,doctor
664,Grier,Aaberg,Grier.Aaberg@yopmail.com,worker
665,Deane,Fabiola,Deane.Fabiola@yopmail.com,doctor
666,Agathe,Frendel,Agathe.Frendel@yopmail.com,doctor
667,Oralee,Kauppi,Oralee.Kauppi@yopmail.com,developer
668,Brooks,Berriman,Brooks.Berriman@yopmail.com,doctor
669,Annice,Radu,Annice.Radu@yopmail.com,developer
670,Gratia,Mitzi,Gratia.Mitzi@yopmail.com,firefighter
671,Dianemarie,Whittaker,Dianemarie.Whittaker@yopmail.com,developer
672,Jerry,Kesley,Jerry.Kesley@yopmail.com,police officer
673,Caressa,Sheng,Caressa.Sheng@yopmail.com,firefighter
674,Moyna,Sibyls,Moyna.Sibyls@yopmail.com,doctor
675,Ofilia,Melan,Ofilia.Melan@yopmail.com,worker
676,Viki,Read,Viki.Read@yopmail.com,doctor
677,Dianemarie,Cohdwell,Dianemarie.Cohdwell@yopmail.com,firefighter
678,Kore,Raychel,Kore.Raychel@yopmail.com,worker
679,Myrtice,Septima,Myrtice.Septima@yopmail.com,worker
680,Winny,Kiersten,Winny.Kiersten@yopmail.com,firefighter
681,Alyssa,McGrody,Alyssa.McGrody@yopmail.com,developer
682,Priscilla,Guthrie,Priscilla.Guthrie@yopmail.com,firefighter
683,Isa,Ethban,Isa.Ethban@yopmail.com,worker
684,Kittie,Melleta,Kittie.Melleta@yopmail.com,doctor
685,Alleen,Vharat,Alleen.Vharat@yopmail.com,police officer
686,Ninnetta,Turne,Ninnetta.Turne@yopmail.com,police officer
687,Netty,Guildroy,Netty.Guildroy@yopmail.com,worker
688,Penelopa,Jaylene,Penelopa.Jaylene@yopmail.com,developer
689,Florencia,Ovid,Florencia.Ovid@yopmail.com,firefighter
690,Ingrid,Bach,Ingrid.Bach@yopmail.com,doctor
691,Kassey,Callista,Kassey.Callista@yopmail.com,worker
692,Cecile,Saunderson,Cecile.Saunderson@yopmail.com,developer
693,Mellicent,Andrel,Mellicent.Andrel@yopmail.com,worker
694,Adriana,Danby,Adriana.Danby@yopmail.com,police officer
695,Berta,Katrine,Berta.Katrine@yopmail.com,doctor
696,Natka,Kannry,Natka.Kannry@yopmail.com,doctor
697,Renae,Cullin,Renae.Cullin@yopmail.com,developer
698,Ilse,Yuille,Ilse.Yuille@yopmail.com,doctor
699,Jemie,Ortrude,Jemie.Ortrude@yopmail.com,doctor
700,Dale,Flita,Dale.Flita@yopmail.com,worker
701,Cam,Anyah,Cam.Anyah@yopmail.com,developer
702,Judy,Urias,Judy.Urias@yopmail.com,worker
703,Sean,Wenda,Sean.Wenda@yopmail.com,police officer
704,Mellicent,Dunkin,Mellicent.Dunkin@yopmail.com,developer
705,Lyssa,Pacorro,Lyssa.Pacorro@yopmail.com,police officer
706,Sonni,Audly,Sonni.Audly@yopmail.com,doctor
707,Edith,Longfellow,Edith.Longfellow@yopmail.com,worker
708,Lusa,Monaco,Lusa.Monaco@yopmail.com,doctor
709,Elmira,Astra,Elmira.Astra@yopmail.com,developer
710,Katleen,Karna,Katleen.Karna@yopmail.com,police officer
711,Viviene,Revkah,Viviene.Revkah@yopmail.com,doctor
712,Gusty,Tjon,Gusty.Tjon@yopmail.com,firefighter
713,Korrie,Sibyls,Korrie.Sibyls@yopmail.com,worker
714,Devina,Sharl,Devina.Sharl@yopmail.com,firefighter
715,Fanchon,Ovid,Fanchon.Ovid@yopmail.com,worker
716,Allyce,Cressida,Allyce.Cressida@yopmail.com,worker
717,Corry,Cosenza,Corry.Cosenza@yopmail.com,firefighter
718,Zaria,Evvie,Zaria.Evvie@yopmail.com,worker
719,Tonia,Diann,Tonia.Diann@yopmail.com,worker
720,Zondra,Cutlerr,Zondra.Cutlerr@yopmail.com,worker
721,Ardenia,Strephon,Ardenia.Strephon@yopmail.com,police officer
722,Henriette,Vittoria,Henriette.Vittoria@yopmail.com,police officer
723,Riannon,Lutero,Riannon.Lutero@yopmail.com,doctor
724,Helsa,Wandie,Helsa.Wandie@yopmail.com,police officer
725,Felice,Sallyann,Felice.Sallyann@yopmail.com,police officer
726,Katuscha,Stover,Katuscha.Stover@yopmail.com,worker
727,Priscilla,Arathorn,Priscilla.Arathorn@yopmail.com,developer
728,Raina,Dudley,Raina.Dudley@yopmail.com,developer
729,Elena,Cohdwell,Elena.Cohdwell@yopmail.com,firefighter
730,Doralynne,Casimir,Doralynne.Casimir@yopmail.com,developer
731,Roseline,Giule,Roseline.Giule@yopmail.com,worker
732,Linet,Croix,Linet.Croix@yopmail.com,developer
733,Brooks,Munn,Brooks.Munn@yopmail.com,police officer
734,Adore,Harl,Adore.Harl@yopmail.com,firefighter
735,Jacenta,Hull,Jacenta.Hull@yopmail.com,developer
736,Charlena,Lamoree,Charlena.Lamoree@yopmail.com,worker
737,Tatiania,Germann,Tatiania.Germann@yopmail.com,firefighter
738,Aryn,Zitvaa,Aryn.Zitvaa@yopmail.com,developer
739,Wendi,Byrne,Wendi.Byrne@yopmail.com,firefighter
740,Camile,Shuler,Camile.Shuler@yopmail.com,worker
741,Marleah,Joni,Marleah.Joni@yopmail.com,police officer
742,Ilse,Lalitta,Ilse.Lalitta@yopmail.com,worker
743,Emmey,Kendrick,Emmey.Kendrick@yopmail.com,developer
744,Carmencita,Helfand,Carmencita.Helfand@yopmail.com,developer
745,Philis,Belanger,Philis.Belanger@yopmail.com,police officer
746,Alyda,Kevon,Alyda.Kevon@yopmail.com,worker
747,Berta,Mendez,Berta.Mendez@yopmail.com,developer
748,Valera,Kamaria,Valera.Kamaria@yopmail.com,worker
749,Bobbi,Lea,Bobbi.Lea@yopmail.com,police officer
750,Ardys,Rad,Ardys.Rad@yopmail.com,police officer
751,Selia,Lorenz,Selia.Lorenz@yopmail.com,developer
752,Janeczka,Corilla,Janeczka.Corilla@yopmail.com,firefighter
753,Aryn,Newell,Aryn.Newell@yopmail.com,firefighter
754,Daryl,Brieta,Daryl.Brieta@yopmail.com,doctor
755,Rosaline,Haldas,Rosaline.Haldas@yopmail.com,police officer
756,Mariele,Chabot,Mariele.Chabot@yopmail.com,doctor
757,Ebonee,Izaak,Ebonee.Izaak@yopmail.com,police officer
758,Michaelina,Pascia,Michaelina.Pascia@yopmail.com,developer
759,Carilyn,Bryna,Carilyn.Bryna@yopmail.com,police officer
760,Beatriz,Barney,Beatriz.Barney@yopmail.com,doctor
761,Nariko,Pond,Nariko.Pond@yopmail.com,police officer
762,Kelly,Lilas,Kelly.Lilas@yopmail.com,doctor
763,Danika,Heisel,Danika.Heisel@yopmail.com,firefighter
764,Agnese,Prober,Agnese.Prober@yopmail.com,doctor
765,Bernie,Joachim,Bernie.Joachim@yopmail.com,doctor
766,Karly,Arne,Karly.Arne@yopmail.com,police officer
767,Cyndie,Diogenes,Cyndie.Diogenes@yopmail.com,worker
768,Cissiee,McNully,Cissiee.McNully@yopmail.com,doctor
769,Raf,Anastatius,Raf.Anastatius@yopmail.com,developer
770,Dione,Harned,Dione.Harned@yopmail.com,developer
771,Sarette,Vins,Sarette.Vins@yopmail.com,doctor
772,Alisha,Bandeen,Alisha.Bandeen@yopmail.com,worker
773,Belinda,Connelly,Belinda.Connelly@yopmail.com,worker
774,Vivia,Koehler,Vivia.Koehler@yopmail.com,firefighter
775,Juliane,Ardeha,Juliane.Ardeha@yopmail.com,developer
776,Shandie,Chandler,Shandie.Chandler@yopmail.com,developer
777,Sara-Ann,Lilybelle,Sara-Ann.Lilybelle@yopmail.com,doctor
778,Phylis,Sigfrid,Phylis.Sigfrid@yopmail.com,doctor
779,Winifred,Wildermuth,Winifred.Wildermuth@yopmail.com,police officer
780,Helena,Posner,Helena.Posner@yopmail.com,police officer
781,Theodora,Jaylene,Theodora.Jaylene@yopmail.com,police officer
782,Aimil,Silvan,Aimil.Silvan@yopmail.com,police officer
783,Nerta,Chapland,Nerta.Chapland@yopmail.com,police officer
784,Andree,Francyne,Andree.Francyne@yopmail.com,developer
785,Pearline,Carleen,Pearline.Carleen@yopmail.com,police officer
786,Mureil,Reneta,Mureil.Reneta@yopmail.com,police officer
787,Lelah,Rustice,Lelah.Rustice@yopmail.com,doctor
788,Miquela,Jehu,Miquela.Jehu@yopmail.com,police officer
789,Ernesta,Vharat,Ernesta.Vharat@yopmail.com,firefighter
790,Beatriz,Adore,Beatriz.Adore@yopmail.com,doctor
791,Esmeralda,Brittani,Esmeralda.Brittani@yopmail.com,firefighter
792,Karly,Terrence,Karly.Terrence@yopmail.com,developer
793,Dorthy,Rosemary,Dorthy.Rosemary@yopmail.com,firefighter
794,Melodie,Fink,Melodie.Fink@yopmail.com,worker
795,Chickie,Hilbert,Chickie.Hilbert@yopmail.com,firefighter
796,Gerianna,Zeeba,Gerianna.Zeeba@yopmail.com,police officer
797,Silvana,Karl,Silvana.Karl@yopmail.com,developer
798,Reeba,Cavan,Reeba.Cavan@yopmail.com,firefighter
799,Aimil,Smitt,Aimil.Smitt@yopmail.com,doctor
800,Nariko,Si,Nariko.Si@yopmail.com,doctor
801,Dode,Lymann,Dode.Lymann@yopmail.com,doctor
802,Lelah,Gavrila,Lelah.Gavrila@yopmail.com,doctor
803,Jessamyn,Kellby,Jessamyn.Kellby@yopmail.com,firefighter
804,Lory,Lenny,Lory.Lenny@yopmail.com,worker
805,Zia,Alarise,Zia.Alarise@yopmail.com,police officer
806,Estell,Chick,Estell.Chick@yopmail.com,firefighter
807,Berta,Monk,Berta.Monk@yopmail.com,developer
808,Jackie,Bendick,Jackie.Bendick@yopmail.com,police officer
809,Josephine,Carri,Josephine.Carri@yopmail.com,firefighter
810,Tarra,Rosemary,Tarra.Rosemary@yopmail.com,doctor
811,Dominga,Sekofski,Dominga.Sekofski@yopmail.com,worker
812,Cassandra,Hubert,Cassandra.Hubert@yopmail.com,doctor
813,Ericka,Lorain,Ericka.Lorain@yopmail.com,doctor
814,Rivalee,Trace,Rivalee.Trace@yopmail.com,developer
815,Glenda,Colbert,Glenda.Colbert@yopmail.com,developer
816,Adore,Han,Adore.Han@yopmail.com,doctor
817,Tybie,Suzetta,Tybie.Suzetta@yopmail.com,worker
818,Madelle,Bonilla,Madelle.Bonilla@yopmail.com,firefighter
819,Kara-Lynn,Kazimir,Kara-Lynn.Kazimir@yopmail.com,developer
820,Sybille,Baptlsta,Sybille.Baptlsta@yopmail.com,worker
821,Mamie,Bartlett,Mamie.Bartlett@yopmail.com,police officer
822,Perry,Sawtelle,Perry.Sawtelle@yopmail.com,doctor
823,Vanessa,Clywd,Vanessa.Clywd@yopmail.com,police officer
824,Violet,Dosia,Violet.Dosia@yopmail.com,worker
825,Josephine,Arathorn,Josephine.Arathorn@yopmail.com,developer
826,Myrtice,Argus,Myrtice.Argus@yopmail.com,worker
827,Almeta,Emerson,Almeta.Emerson@yopmail.com,developer
828,Vere,Sammons,Vere.Sammons@yopmail.com,firefighter
829,Trudie,Anderea,Trudie.Anderea@yopmail.com,doctor
830,Ellette,Bonilla,Ellette.Bonilla@yopmail.com,firefighter
831,Jobi,Ledah,Jobi.Ledah@yopmail.com,developer
832,Bill,Nerita,Bill.Nerita@yopmail.com,firefighter
833,Estell,Vacuva,Estell.Vacuva@yopmail.com,police officer
834,Abbie,Skurnik,Abbie.Skurnik@yopmail.com,police officer
835,Giustina,Olin,Giustina.Olin@yopmail.com,doctor
836,Odessa,Lesley,Odessa.Lesley@yopmail.com,doctor
837,Willetta,Rosette,Willetta.Rosette@yopmail.com,police officer
838,Meghann,Fennessy,Meghann.Fennessy@yopmail.com,worker
839,Tori,Rocray,Tori.Rocray@yopmail.com,doctor
840,Briney,Liebermann,Briney.Liebermann@yopmail.com,police officer
841,Kate,Katrine,Kate.Katrine@yopmail.com,worker
842,Zsa Zsa,Posner,Zsa Zsa.Posner@yopmail.com,police officer
843,Rori,Roxanna,Rori.Roxanna@yopmail.com,worker
844,Farrah,Auberbach,Farrah.Auberbach@yopmail.com,police officer
845,Flory,Kolnick,Flory.Kolnick@yopmail.com,firefighter
846,Queenie,Ackerley,Queenie.Ackerley@yopmail.com,firefighter
847,Philis,Willie,Philis.Willie@yopmail.com,police officer
848,Fayre,Vanni,Fayre.Vanni@yopmail.com,developer
849,Harrietta,Sparhawk,Harrietta.Sparhawk@yopmail.com,developer
850,Randa,Oneida,Randa.Oneida@yopmail.com,police officer
851,Tarra,Garbe,Tarra.Garbe@yopmail.com,police officer
852,Jenilee,Cosenza,Jenilee.Cosenza@yopmail.com,police officer
853,Wilma,Azeria,Wilma.Azeria@yopmail.com,firefighter
854,Sara-Ann,Khorma,Sara-Ann.Khorma@yopmail.com,worker
855,Trudie,Sherrie,Trudie.Sherrie@yopmail.com,firefighter
856,Delilah,Suzetta,Delilah.Suzetta@yopmail.com,developer
857,Nollie,Dorine,Nollie.Dorine@yopmail.com,worker
858,Stevana,Meli,Stevana.Meli@yopmail.com,worker
859,Alia,Garlinda,Alia.Garlinda@yopmail.com,developer
860,Janis,Harned,Janis.Harned@yopmail.com,firefighter
861,Kittie,Bigner,Kittie.Bigner@yopmail.com,firefighter
862,Celestyna,Berriman,Celestyna.Berriman@yopmail.com,police officer
863,Genevra,Uund,Genevra.Uund@yopmail.com,firefighter
864,Devina,Burkle,Devina.Burkle@yopmail.com,police officer
865,Hallie,Aprile,Hallie.Aprile@yopmail.com,doctor
866,Gerrie,Selway,Gerrie.Selway@yopmail.com,police officer
867,Flo,Merriott,Flo.Merriott@yopmail.com,worker
868,Randa,Grimbly,Randa.Grimbly@yopmail.com,firefighter
869,Alia,Adlare,Alia.Adlare@yopmail.com,worker
870,Dotty,Skell,Dotty.Skell@yopmail.com,developer
871,Gaylene,Donell,Gaylene.Donell@yopmail.com,worker
872,Leontine,Newell,Leontine.Newell@yopmail.com,developer
873,Almeta,Raychel,Almeta.Raychel@yopmail.com,developer
874,Petronia,Manolo,Petronia.Manolo@yopmail.com,police officer
875,Lory,Avi,Lory.Avi@yopmail.com,doctor
876,Regina,Voletta,Regina.Voletta@yopmail.com,firefighter
877,Bibby,Isidore,Bibby.Isidore@yopmail.com,worker
878,Betta,Francene,Betta.Francene@yopmail.com,worker
879,Elmira,Poll,Elmira.Poll@yopmail.com,police officer
880,Natka,Cleavland,Natka.Cleavland@yopmail.com,developer
881,Therine,Ellerey,Therine.Ellerey@yopmail.com,doctor
882,Adele,Diann,Adele.Diann@yopmail.com,doctor
883,Wileen,Nedrud,Wileen.Nedrud@yopmail.com,doctor
884,Annaliese,Latini,Annaliese.Latini@yopmail.com,police officer
885,Melanie,Wadell,Melanie.Wadell@yopmail.com,firefighter
886,Layla,Cosenza,Layla.Cosenza@yopmail.com,doctor
887,Tilly,Stephie,Tilly.Stephie@yopmail.com,firefighter
888,Tobe,Willie,Tobe.Willie@yopmail.com,doctor
889,Dianemarie,Vastah,Dianemarie.Vastah@yopmail.com,doctor
890,Nariko,Alwin,Nariko.Alwin@yopmail.com,worker
891,Lita,Serilda,Lita.Serilda@yopmail.com,doctor
892,Belva,Erb,Belva.Erb@yopmail.com,developer
893,Elie,Hieronymus,Elie.Hieronymus@yopmail.com,developer
894,Kristina,Wilkinson,Kristina.Wilkinson@yopmail.com,worker
895,Rosaline,Seagraves,Rosaline.Seagraves@yopmail.com,developer
896,Vonny,Cleo,Vonny.Cleo@yopmail.com,police officer
897,Celene,Braun,Celene.Braun@yopmail.com,developer
898,Libbie,Croix,Libbie.Croix@yopmail.com,worker
899,Briney,Fadiman,Briney.Fadiman@yopmail.com,police officer
900,Glenda,Tice,Glenda.Tice@yopmail.com,doctor
901,Grier,Bahr,Grier.Bahr@yopmail.com,firefighter
902,Ketti,Gladstone,Ketti.Gladstone@yopmail.com,worker
903,Jeanna,Stanwood,Jeanna.Stanwood@yopmail.com,firefighter
904,Kimmy,Janene,Kimmy.Janene@yopmail.com,developer
905,Steffane,Terencio,Steffane.Terencio@yopmail.com,doctor
906,Oona,Tice,Oona.Tice@yopmail.com,firefighter
907,Kathy,Faro,Kathy.Faro@yopmail.com,doctor
908,Carlie,Genna,Carlie.Genna@yopmail.com,developer
909,Jillayne,Madaih,Jillayne.Madaih@yopmail.com,police officer
910,Lauryn,Henrie,Lauryn.Henrie@yopmail.com,worker
911,Belva,Percy,Belva.Percy@yopmail.com,doctor
912,Dorene,Christal,Dorene.Christal@yopmail.com,developer
913,Annecorinne,Atonsah,Annecorinne.Atonsah@yopmail.com,developer
914,Lita,Iphlgenia,Lita.Iphlgenia@yopmail.com,worker
915,Lanae,Poll,Lanae.Poll@yopmail.com,worker
916,Sara-Ann,Wyn,Sara-Ann.Wyn@yopmail.com,police officer
917,Alexine,Hunfredo,Alexine.Hunfredo@yopmail.com,doctor
918,Doralynne,Cavan,Doralynne.Cavan@yopmail.com,police officer
919,Melanie,Brady,Melanie.Brady@yopmail.com,worker
920,Ezmeralda,MacIntosh,Ezmeralda.MacIntosh@yopmail.com,firefighter
921,Christal,Garlinda,Christal.Garlinda@yopmail.com,worker
922,Hettie,Jethro,Hettie.Jethro@yopmail.com,doctor
923,Lory,Dreda,Lory.Dreda@yopmail.com,developer
924,Lynea,Si,Lynea.Si@yopmail.com,police officer
925,Livvyy,Winthorpe,Livvyy.Winthorpe@yopmail.com,doctor
926,Jillayne,Kat,Jillayne.Kat@yopmail.com,doctor
927,Vivia,Maryanne,Vivia.Maryanne@yopmail.com,police officer
928,Catrina,Shirberg,Catrina.Shirberg@yopmail.com,doctor
929,Hermione,Munn,Hermione.Munn@yopmail.com,firefighter
930,Gretal,Johanna,Gretal.Johanna@yopmail.com,firefighter
931,Pierette,Carri,Pierette.Carri@yopmail.com,firefighter
932,Harrietta,Angelis,Harrietta.Angelis@yopmail.com,worker
933,Joane,Hedve,Joane.Hedve@yopmail.com,firefighter
934,Danika,Hubert,Danika.Hubert@yopmail.com,police officer
935,Gale,Persse,Gale.Persse@yopmail.com,worker
936,Codie,Pattin,Codie.Pattin@yopmail.com,firefighter
937,Phedra,Maroney,Phedra.Maroney@yopmail.com,police officer
938,Candy,Rosette,Candy.Rosette@yopmail.com,doctor
939,Gisela,Dawkins,Gisela.Dawkins@yopmail.com,developer
940,Lita,Boycey,Lita.Boycey@yopmail.com,firefighter
941,Rozele,Couture,Rozele.Couture@yopmail.com,worker
942,Kalina,LaRue,Kalina.LaRue@yopmail.com,police officer
943,Danny,Mintz,Danny.Mintz@yopmail.com,firefighter
944,Dotty,Buffum,Dotty.Buffum@yopmail.com,worker
945,Kaja,Clarissa,Kaja.Clarissa@yopmail.com,police officer
946,Gratia,Adrienne,Gratia.Adrienne@yopmail.com,police officer
947,Therine,Therine,Therine.Therine@yopmail.com,worker
948,Myrtice,Brieta,Myrtice.Brieta@yopmail.com,firefighter
949,Merle,Lauraine,Merle.Lauraine@yopmail.com,developer
950,Drucie,Stover,Drucie.Stover@yopmail.com,police officer
951,Ernesta,Selway,Ernesta.Selway@yopmail.com,developer
952,Ilse,Krystle,Ilse.Krystle@yopmail.com,developer
953,Lacie,Paton,Lacie.Paton@yopmail.com,doctor
954,Beth,Sacken,Beth.Sacken@yopmail.com,doctor
955,Inga,Burch,Inga.Burch@yopmail.com,doctor
956,Zsa Zsa,Riordan,Zsa Zsa.Riordan@yopmail.com,firefighter
957,Kerrin,Justinn,Kerrin.Justinn@yopmail.com,firefighter
958,Kimberley,Chapland,Kimberley.Chapland@yopmail.com,doctor
959,Merry,Arne,Merry.Arne@yopmail.com,developer
960,Layla,Publia,Layla.Publia@yopmail.com,developer
961,Merci,Louanna,Merci.Louanna@yopmail.com,doctor
962,Maurene,Ardeha,Maurene.Ardeha@yopmail.com,worker
963,Harrietta,Hollingsworth,Harrietta.Hollingsworth@yopmail.com,developer
964,Konstance,Hartnett,Konstance.Hartnett@yopmail.com,developer
965,Dari,Philoo,Dari.Philoo@yopmail.com,police officer
966,Meghann,Delp,Meghann.Delp@yopmail.com,developer
967,Tarra,Shelba,Tarra.Shelba@yopmail.com,developer
968,Meg,Kiyoshi,Meg.Kiyoshi@yopmail.com,doctor
969,Elfreda,Nikaniki,Elfreda.Nikaniki@yopmail.com,police officer
970,Neila,Alfons,Neila.Alfons@yopmail.com,doctor
971,Nataline,Colp,Nataline.Colp@yopmail.com,police officer
972,Fredericka,Lorenz,Fredericka.Lorenz@yopmail.com,developer
973,Iseabal,Saree,Iseabal.Saree@yopmail.com,developer
974,Inga,Sasnett,Inga.Sasnett@yopmail.com,worker
975,Deloria,Blisse,Deloria.Blisse@yopmail.com,worker
976,Christy,Idelia,Christy.Idelia@yopmail.com,doctor
977,Bobinette,Maryanne,Bobinette.Maryanne@yopmail.com,police officer
978,Therine,Rese,Therine.Rese@yopmail.com,worker
979,Gretal,Virgin,Gretal.Virgin@yopmail.com,firefighter
980,Cacilie,Gibbeon,Cacilie.Gibbeon@yopmail.com,police officer
981,Chandra,Vary,Chandra.Vary@yopmail.com,doctor
982,Viviene,Christine,Viviene.Christine@yopmail.com,firefighter
983,Anallese,Japeth,Anallese.Japeth@yopmail.com,doctor
984,Kylynn,Joni,Kylynn.Joni@yopmail.com,developer
985,Correy,Means,Correy.Means@yopmail.com,police officer
986,Kittie,Berard,Kittie.Berard@yopmail.com,firefighter
987,Silvana,Pernick,Silvana.Pernick@yopmail.com,firefighter
988,Coral,Hillel,Coral.Hillel@yopmail.com,developer
989,Romona,Liva,Romona.Liva@yopmail.com,worker
990,Gianina,Orlene,Gianina.Orlene@yopmail.com,doctor
991,Jaime,Sikorski,Jaime.Sikorski@yopmail.com,developer
992,Concettina,Henebry,Concettina.Henebry@yopmail.com,worker
993,Tressa,Earlie,Tressa.Earlie@yopmail.com,doctor
994,Damaris,Sancho,Damaris.Sancho@yopmail.com,police officer
995,Zsa Zsa,Anastatius,Zsa Zsa.Anastatius@yopmail.com,developer
996,Mahalia,Christine,Mahalia.Christine@yopmail.com,doctor
997,Myrtice,Moina,Myrtice.Moina@yopmail.com,worker
998,Di,Merat,Di.Merat@yopmail.com,doctor
999,Dawn,Erich,Dawn.Erich@yopmail.com,doctor
1000,Ann-Marie,Narton,Ann-Marie.Narton@yopmail.com,firefighter
1001,Charmaine,Ochs,Charmaine.Ochs@yopmail.com,worker
1002,Fernande,Lytton,Fernande.Lytton@yopmail.com,worker
1003,Mahalia,Dulciana,Mahalia.Dulciana@yopmail.com,firefighter
1004,Karena,Middleton,Karena.Middleton@yopmail.com,firefighter
1005,Ardenia,Graig,Ardenia.Graig@yopmail.com,doctor
1006,Aurore,Mehalek,Aurore.Mehalek@yopmail.com,doctor
1007,Fidelia,Henebry,Fidelia.Henebry@yopmail.com,police officer
1008,Robinia,Cutlerr,Robinia.Cutlerr@yopmail.com,worker
1009,Reeba,Howlyn,Reeba.Howlyn@yopmail.com,police officer
1010,Lyssa,Ader,Lyssa.Ader@yopmail.com,developer
1011,Alleen,Fadiman,Alleen.Fadiman@yopmail.com,doctor
1012,Micheline,Shaddock,Micheline.Shaddock@yopmail.com,firefighter
1013,Ricky,Vharat,Ricky.Vharat@yopmail.com,developer
1014,Helsa,Mozelle,Helsa.Mozelle@yopmail.com,worker
1015,Dennie,Colyer,Dennie.Colyer@yopmail.com,developer
1016,Justinn,Joni,Justinn.Joni@yopmail.com,police officer
1017,Alia,Dorothy,Alia.Dorothy@yopmail.com,firefighter
1018,Konstance,Hathaway,Konstance.Hathaway@yopmail.com,worker
1019,Calla,Nahum,Calla.Nahum@yopmail.com,firefighter
1020,Nannie,Horan,Nannie.Horan@yopmail.com,developer
1021,Phedra,Earlie,Phedra.Earlie@yopmail.com,developer
1022,Barbara,Thema,Barbara.Thema@yopmail.com,police officer
1023,Brynna,Clara,Brynna.Clara@yopmail.com,doctor
1024,Ermengarde,Martsen,Ermengarde.Martsen@yopmail.com,firefighter
1025,Justinn,Klemperer,Justinn.Klemperer@yopmail.com,doctor
1026,Fred,Lacombe,Fred.Lacombe@yopmail.com,developer
1027,Nyssa,Erb,Nyssa.Erb@yopmail.com,doctor
1028,Ernesta,Beniamino,Ernesta.Beniamino@yopmail.com,doctor
1029,Florencia,Thema,Florencia.Thema@yopmail.com,developer
1030,Carly,Posner,Carly.Posner@yopmail.com,doctor
1031,Stephanie,Roche,Stephanie.Roche@yopmail.com,doctor
1032,Kayla,Lorenz,Kayla.Lorenz@yopmail.com,developer
1033,Evaleen,Nance,Evaleen.Nance@yopmail.com,police officer
1034,Donnie,Ferino,Donnie.Ferino@yopmail.com,doctor
1035,Hettie,Geffner,Hettie.Geffner@yopmail.com,worker
1036,Sindee,Iaverne,Sindee.Iaverne@yopmail.com,developer
1037,Maryellen,Sasnett,Maryellen.Sasnett@yopmail.com,doctor
1038,Janis,Helfand,Janis.Helfand@yopmail.com,doctor
1039,Norine,Hanshaw,Norine.Hanshaw@yopmail.com,doctor
1040,Hermione,Bouchard,Hermione.Bouchard@yopmail.com,developer
1041,Moyna,Concha,Moyna.Concha@yopmail.com,firefighter
1042,Magdalena,Maiah,Magdalena.Maiah@yopmail.com,police officer
1043,Meg,Read,Meg.Read@yopmail.com,developer
1044,Renae,Fiester,Renae.Fiester@yopmail.com,police officer
1045,Sybille,Tybald,Sybille.Tybald@yopmail.com,developer
1046,Rhea,McLaughlin,Rhea.McLaughlin@yopmail.com,developer
1047,Bobinette,Germann,Bobinette.Germann@yopmail.com,police officer
1048,Malina,Bevin,Malina.Bevin@yopmail.com,doctor
1049,Atlanta,Faria,Atlanta.Faria@yopmail.com,police officer
1050,Devina,Saree,Devina.Saree@yopmail.com,worker
1051,Charissa,Sinegold,Charissa.Sinegold@yopmail.com,police officer
1052,Aryn,Margret,Aryn.Margret@yopmail.com,firefighter
1053,Alameda,Gusella,Alameda.Gusella@yopmail.com,police officer
1054,Nananne,Trey,Nananne.Trey@yopmail.com,worker
1055,Libbie,Japeth,Libbie.Japeth@yopmail.com,worker
1056,Agnese,Gladstone,Agnese.Gladstone@yopmail.com,developer
1057,Elena,Carleen,Elena.Carleen@yopmail.com,worker
1058,Imojean,Primalia,Imojean.Primalia@yopmail.com,doctor
1059,Jenda,Baptlsta,Jenda.Baptlsta@yopmail.com,doctor
1060,Perry,Shaver,Perry.Shaver@yopmail.com,developer
1061,Dorice,Pond,Dorice.Pond@yopmail.com,firefighter
1062,Joelly,Edvard,Joelly.Edvard@yopmail.com,firefighter
1063,Giustina,Christine,Giustina.Christine@yopmail.com,doctor
1064,Catharine,Francene,Catharine.Francene@yopmail.com,doctor
1065,Dari,Cookie,Dari.Cookie@yopmail.com,doctor
1066,Lonnie,Velick,Lonnie.Velick@yopmail.com,police officer
1067,Janey,Terencio,Janey.Terencio@yopmail.com,firefighter
1068,Yetty,Carlson,Yetty.Carlson@yopmail.com,doctor
1069,Rochette,Daegal,Rochette.Daegal@yopmail.com,worker
1070,Alexine,Matthew,Alexine.Matthew@yopmail.com,police officer
1071,Sheree,Bonilla,Sheree.Bonilla@yopmail.com,firefighter
1072,Cordi,Juan,Cordi.Juan@yopmail.com,firefighter
1073,Dorice,Means,Dorice.Means@yopmail.com,doctor
1074,Ottilie,Zenas,Ottilie.Zenas@yopmail.com,worker
1075,Linet,Monaco,Linet.Monaco@yopmail.com,police officer
1076,Linzy,Hertzfeld,Linzy.Hertzfeld@yopmail.com,doctor
1077,Veda,Peg,Veda.Peg@yopmail.com,worker
1078,Raquela,Leary,Raquela.Leary@yopmail.com,firefighter
1079,Mireielle,Maroney,Mireielle.Maroney@yopmail.com,firefighter
1080,Ottilie,Anderea,Ottilie.Anderea@yopmail.com,doctor
1081,Valli,Weitman,Valli.Weitman@yopmail.com,developer
1082,Heida,Screens,Heida.Screens@yopmail.com,firefighter
1083,Andeee,Cherianne,Andeee.Cherianne@yopmail.com,firefighter
1084,Malina,Carvey,Malina.Carvey@yopmail.com,doctor
1085,Ginnie,Corabella,Ginnie.Corabella@yopmail.com,firefighter
1086,Barbara,Lareena,Barbara.Lareena@yopmail.com,police officer
1087,Gilligan,Katrine,Gilligan.Katrine@yopmail.com,developer
1088,Brynna,Roche,Brynna.Roche@yopmail.com,doctor
1089,Carmencita,Greenwald,Carmencita.Greenwald@yopmail.com,firefighter
1090,Alyssa,Hilbert,Alyssa.Hilbert@yopmail.com,police officer
1091,Fanchon,Dermott,Fanchon.Dermott@yopmail.com,doctor
1092,Fred,Hartnett,Fred.Hartnett@yopmail.com,firefighter
1093,Libbie,Glovsky,Libbie.Glovsky@yopmail.com,worker
1094,Nicoli,Marisa,Nicoli.Marisa@yopmail.com,firefighter
1095,Donetta,Heisel,Donetta.Heisel@yopmail.com,doctor
1096,Ronna,Ilka,Ronna.Ilka@yopmail.com,worker
1097,Bill,Clie,Bill.Clie@yopmail.com,police officer
1098,Odessa,Cherianne,Odessa.Cherianne@yopmail.com,worker
1099,Ottilie,Jotham,Ottilie.Jotham@yopmail.com,doctor